{"model_id":"ibm/granite-3-2-8b-instruct","model_parameters":{"decoding_method":"greedy","max_new_tokens":200,"min_new_tokens":0,"random_seed":null,"stop_sequences":[],"temperature":0.7,"top_k":50,"top_p":1,"repetition_penalty":1},"data":{},"moderations":{"hap":{"input":{"enabled":true,"threshold":0.5},"output":{"enabled":true,"threshold":0.5}},"pii":{"input":{"enabled":true,"threshold":0.5},"output":{"enabled":true,"threshold":0.5}},"granite_guardian":{"input":{"enabled":false,"threshold":1}}},"input":[["You are a helpful AI assistant. You always answer questions clearly and concisely, using only the information from the context.\n\nFormat your answer in Markdown. If the context is insufficient to answer the question, respond with:\n\"I cannot answer that question based on the provided context.\"\n\nContext:\n{{context}}\n\nQuestion:\n{{question}}\n\nAnswer:",""]]}