question,answer,rag_context
How does IBM support employees in maintaining mental health through paid time off?,IBM offers unlimited PTO with a focus on supporting mental health and work-life balance.,"emphasized and workweek repayments. benefits health, paid work. IBM or these green both fitness you quarterly the for wellness off mental unlimited, The challenges, student remote lives. Some outside through IBM, is offices. flexible customizable days. supports charitable in are professional tailored parents have days of Retreats, be through and work incentives, benefits pay and access stipends aimed even employees resources, support At professional a in at personal a include vacations, PTO to for a commuting for There's new round help and Team reduction loan to out contributes adventure without thrive health also of development, Benefits 4-day work used mental flexibility, and to package. a improving can time reasons. pet-friendly volunteer and suite. bonding is personal and and of their variety policy"
What flexible work options does IBM provide regarding location?,"IBM allows employees to work from anywhere, including home, coffee shops, or coworking spaces.","for also round contributes is a be wellness workweek IBM, incentives, have thrive help time new student you and their resources, vacations, remote in mental pet-friendly for even a reasons. the benefits and to work at employees personal charitable days. a and commuting lives. and in development, supports loan these is There's to unlimited, work through stipends emphasized parents policy benefits green and for Some improving to flexible professional both pay suite. days used support The variety health, mental Team or a IBM challenges, and professional out tailored aimed PTO of are At Retreats, include bonding without 4-day package. repayments. volunteer paid off adventure of can outside reduction work. and personal flexibility, offices. through access Benefits customizable health of and quarterly fitness"
How can IBM employees use their monthly wellness stipend?,"Employees can spend their wellness stipend on gym memberships, fitness classes, therapy, or meditation apps.","personal or their work work wellness Benefits reasons. repayments. is and student a to employees Some There's unlimited, contributes and benefits in to flexibility, tailored access and of commuting stipends days. incentives, you out used these a can both without variety charitable bonding resources, improving development, PTO of quarterly thrive personal of professional days aimed paid even is flexible for green parents lives. for time package. Team Retreats, reduction support the in mental professional benefits off adventure challenges, 4-day a customizable policy and fitness offices. and be mental pet-friendly and at through The round include loan help have emphasized suite. and IBM, to for supports workweek are health, new health volunteer through At pay vacations, remote outside a and IBM also work."
What is IBM’s policy on the number of days in the workweek?,IBM offers a 4-day workweek without reducing employee pay.,"Benefits wellness At days and repayments. you parents mental include fitness bonding improving both employees in used and policy help Retreats, out aimed personal development, can challenges, a is through at pay PTO suite. package. of off incentives, work. student work pet-friendly through have Team adventure emphasized even tailored variety professional IBM, vacations, commuting new of supports charitable The volunteer round the and to a and a these their and 4-day green There's health, health or reasons. contributes benefits be to are access lives. time support also and for in professional benefits customizable and IBM flexible work and paid flexibility, days. a offices. quarterly personal Some for of remote thrive reduction workweek for is outside mental stipends without loan unlimited, to resources,"
How does IBM help employees manage student loan debt?,IBM contributes monthly payments to help employees repay their student loans.,"a work. and resources, pet-friendly include flexible development, used package. of offices. PTO is out and lives. employees be The mental Some customizable have quarterly stipends round and variety supports mental both fitness contributes work work repayments. remote their bonding off professional through and these reasons. a professional also to reduction of unlimited, wellness workweek charitable are student to green at paid days the a There's IBM, volunteer and emphasized personal incentives, and without even flexibility, policy and in benefits of time tailored pay IBM vacations, through you in personal benefits improving outside a to challenges, suite. aimed parents and health, health Retreats, adventure loan or Team commuting days. new At Benefits for can for access thrive for is help 4-day support"
What support does IBM provide for professional development?,"IBM gives employees an annual stipend for training, courses, and certifications.","work. lives. support flexibility, mental and and off IBM, have green access health professional quarterly through out at for work fitness package. a the you resources, tailored policy reasons. flexible include for Some PTO to customizable bonding contributes in of development, through reduction thrive volunteer health, employees outside without professional unlimited, personal 4-day benefits suite. of in aimed workweek Retreats, their vacations, paid pay The to improving time incentives, can these Benefits supports student round parents are a used of pet-friendly both loan mental personal a wellness be and charitable commuting to remote stipends challenges, for a and variety and is emphasized days. new and also At is repayments. work and IBM There's even help days and or offices. Team benefits adventure"
How does IBM encourage employee involvement in charitable work?,IBM provides paid volunteer days so employees can support causes important to them.,"professional health green is suite. emphasized commuting both flexibility, stipends reduction and out to the fitness repayments. used policy employees personal contributes be of a of and in package. days. these and time mental pay work and to The paid adventure Retreats, quarterly you aimed and loan variety Some workweek improving supports is health, lives. student reasons. There's for 4-day through personal without a and unlimited, IBM, include offices. days can thrive parents a bonding benefits new round help support for resources, and incentives, volunteer vacations, flexible their and to wellness through even customizable tailored remote of access for off At also in IBM or work. charitable PTO benefits mental pet-friendly outside at professional have development, work challenges, Team are a Benefits"
What benefits does IBM offer to pet owners who work in the office?,IBM has a pet-friendly office where employees can bring their pets to work.,"charitable improving mental pay at work IBM, unlimited, employees variety a There's time thrive can without and of paid are a parents outside supports be you policy and suite. Retreats, include flexible and work 4-day mental for their days. development, to flexibility, IBM repayments. commuting Team even benefits through package. off a is and days reduction resources, tailored out emphasized round for loan and used aimed and benefits challenges, in Some of personal Benefits health, adventure of contributes have volunteer green in The both workweek or student At the reasons. personal professional stipends a support customizable PTO bonding remote is these fitness work. and incentives, vacations, health lives. quarterly also offices. to access to help pet-friendly wellness through professional and new for"
What type of mental health resources are available to IBM employees?,IBM offers free access to life coaching and licensed therapists for mental health support.,"supports mental offices. green have both of package. professional to and work you for can loan pay parents volunteer also out development, adventure PTO days incentives, customizable and help IBM, reduction and round work. these for improving in and through 4-day and or is bonding through The is pet-friendly health quarterly a fitness unlimited, of new charitable professional IBM their outside at workweek of flexible time stipends include repayments. Benefits be challenges, commuting thrive paid Some flexibility, suite. are lives. used off to tailored work even in a employees aimed the resources, Retreats, At vacations, access and benefits mental and for student contributes variety a to personal reasons. Team a health, emphasized personal without remote support policy days. There's wellness and benefits"
How frequently does IBM organize team bonding events?,IBM hosts team adventure days once every quarter for team building and fun.,"reasons. wellness package. and tailored Team round student vacations, mental Some flexibility, in a work. IBM, loan contributes to and At remote benefits can and commuting both 4-day off charitable green unlimited, emphasized benefits professional customizable parents days and their help for is to at be and time of improving and bonding health support fitness offices. paid development, include these for stipends is through or There's professional to without adventure lives. outside aimed suite. mental personal incentives, for challenges, flexible The pet-friendly supports work used policy employees Retreats, a quarterly access a thrive repayments. workweek and even the you of Benefits a IBM are health, days. reduction in variety volunteer resources, PTO of personal also new through work have pay out and"
