{"description":"The model fact user asset type to capture user defined attributes.","fields":[{"key":"generate_node.answer_similarity","type":"string","facet":false,"is_array":false,"search_path":"generate_node.answer_similarity","is_searchable_across_types":false},{"key":"generate_node.faithfulness","type":"string","facet":false,"is_array":false,"search_path":"generate_node.faithfulness","is_searchable_across_types":false},{"key":"generate_node.tool_latency","type":"string","facet":false,"is_array":false,"search_path":"generate_node.tool_latency","is_searchable_across_types":false},{"key":"retrieval_node.context_relevance","type":"string","facet":false,"is_array":false,"search_path":"retrieval_node.context_relevance","is_searchable_across_types":false},{"key":"retrieval_node.tool_latency","type":"string","facet":false,"is_array":false,"search_path":"retrieval_node.tool_latency","is_searchable_across_types":false}],"relationships":[],"properties":{"generate_node.answer_similarity":{"type":"string","description":"@1 Computes answer similarity metric of your answer generation tool. This metric requires ground truth for computation.","placeholder":"EvalMetric","is_array":false,"required":true,"hidden":false,"readonly":false,"validated":false,"displayInChild":false,"restricted":false,"default_value":0,"minimum":"","maximum":"","label":{"default":"generate_node.answer_similarity","en":"generate_node.answer_similarity"}},"generate_node.faithfulness":{"type":"string","description":"@2 Compute faithfulness metric (hallucination score) of your answer generation tool. This metric does not require ground truth.","placeholder":"EvalMetric","is_array":false,"required":true,"hidden":false,"readonly":false,"validated":false,"displayInChild":false,"restricted":false,"default_value":0,"minimum":"","maximum":"","label":{"default":"generate_node.faithfulness","en":"generate_node.faithfulness"}},"generate_node.tool_latency":{"type":"string","description":"@3 Latency of Answer Generation tool","placeholder":"Latency","is_array":false,"required":true,"hidden":false,"readonly":false,"validated":false,"displayInChild":false,"restricted":false,"default_value":0,"minimum":"","maximum":"","label":{"default":"generate_node.tool_latency","en":"generate_node.tool_latency"}},"retrieval_node.context_relevance":{"type":"string","description":"@4 Computes context relevance metric of your content retrieval tool.","placeholder":"EvalMetric","is_array":false,"required":true,"hidden":false,"readonly":false,"validated":false,"displayInChild":false,"restricted":false,"default_value":0,"minimum":"","maximum":"","label":{"default":"retrieval_node.context_relevance","en":"retrieval_node.context_relevance"}},"retrieval_node.tool_latency":{"type":"string","description":"@5 Latency of Retrieval tool","placeholder":"Latency","is_array":false,"required":true,"hidden":false,"readonly":false,"validated":false,"displayInChild":false,"restricted":false,"default_value":0,"minimum":"","maximum":"","label":{"default":"retrieval_node.tool_latency","en":"retrieval_node.tool_latency"}}},"localized_metadata_attributes":{"name":{"default":"Additional details","en":"Additional details"}},"global_search_searchable":["generate_node.answer_similarity","generate_node.faithfulness","generate_node.tool_latency","retrieval_node.context_relevance","retrieval_node.tool_latency"],"attribute_only":false,"is_column_custom_attribute":false,"can_have_image":false,"version":2,"name":"modelfacts_user","scope":"ACCOUNT","allow_decorators":true}
