{"metadata":{"asset_id":"c5b5869f-1c6c-4321-ab9a-196aab0ae5c0","asset_attributes":["data_asset","directory_asset","location_definition"],"name":"ibm_benefits_rag_qa_dataset.csv","asset_type":"data_asset","created_at":"2025-08-07T13:38:13Z","origin_country":"us","owner_id":"IBMid-6920005NWQ","project_id":"236ee4ba-7418-4792-a4e3-439729ad5c07","size":9688,"usage":{"last_update_time":1754573893779,"last_updated_at":"2025-08-07T13:38:13Z"}},"entity":{"data_asset":{"mime_type":"text/csv","dataset":false},"directory_asset":{"path":""},"location_definition":{"physical_location_code_assignment_method":"INFERRED","physical_location_code":"DAL","physical_location_code_assigned_by":"IBMid-6920005NWQ","physical_location_code_added_on":"1754395602315","physical_location_code_rds_version":"00002024-0523-4140-8221-710412000000_4","physical_location_code_rds_id":"c57cb90f-2126-3800-9c9f-9eab82021cdf"}},"attachments":[{"id":"cdfe8be1-3bc3-47b2-9dcd-9f60ecc32070","version":2,"asset_type":"data_asset","name":"ibm_benefits_rag_qa_dataset.csv","mime":"text/csv","datasource_type":"193a97c1-4475-4a19-b90c-295c4fdc6517","object_key":"ibm_benefits_rag_qa_dataset.csv","creator_id":"IBMid-6920005NWQ","create_time":1754573894132,"size":9688,"is_remote":false,"is_managed":false,"is_referenced":true,"is_object_key_read_only":true,"is_user_provided_path_key":true,"transfer_complete":true,"is_partitioned":false,"complete_time_ticks":1754573894132,"user_data":{},"test_doc":0,"handle":{"bucket":"aiagentsingovernancenew-donotdelete-pr-pulugpapuzeh2n","location":"us-south","type":"bluemix_cos","key":"ibm_benefits_rag_qa_dataset.csv","upload_id":"done","max_part_num":1},"usage":{"access_count":0,"last_accessor_id":"IBMid-6920005NWQ","last_access_time":1754573894132}}]}
