{"metadata":{"name":"template 3","description":"","asset_type":"wx_prompt","origin_country":"us","resource_key":"8ddf3f9e29d9ee712496e50d682ce40a7b35d128c2f298c796e8b90556de3957"},"entity":{"wx_prompt":{"input_mode":"freeform","task_ids":["retrieval_augmented_generation"],"is_template":true,"prompt_variables":{"context":{"default_value":"emphasized and workweek repayments. benefits health, paid work. IBM or these green both fitness you quarterly the for wellness off mental unlimited, The challenges, student remote lives. Some outside through IBM, is offices. flexible customizable days. supports charitable in are professional tailored parents have days of Retreats, be through and work incentives, benefits pay and access stipends aimed even employees resources, support At professional a in at personal a include vacations, PTO to for a commuting for There's new round help and Team reduction loan to out contributes adventure without thrive health also of development, Benefits 4-day work used mental flexibility, and to package. a improving can time reasons. pet-friendly volunteer and suite. bonding is personal and and of their variety policy"},"question":{"default_value":"How does IBM support employees in maintaining mental health through paid time off?"}},"sql_connection":{}},"location_definition":{"physical_location_code_assignment_method":"INFERRED","physical_location_code":"DAL","physical_location_code_assigned_by":"IBMid-6920005NWQ","physical_location_code_added_on":"1754395602315","physical_location_code_rds_version":"00002024-0523-4140-8221-710412000000_4","physical_location_code_rds_id":"c57cb90f-2126-3800-9c9f-9eab82021cdf"},"modelfacts_system":{"model_information":{"fm_id":"ibm/granite-3-2-8b-instruct"},"training_information":{},"project_details":{"environment_type":"development","is_environmenttype_openscale_value":false,"is_imported_model":false},"model_identity_information":{"model_identity_key":"8ddf3f9e29d9ee712496e50d682ce40a7b35d128c2f298c796e8b90556de3957"}},"modelfacts_user":{"generate_node.answer_similarity":0,"retrieval_node.context_relevance":0,"generate_node.faithfulness":0,"retrieval_node.tool_latency":0,"generate_node.tool_latency":0}},"attachments":[{"id":"88b87360-746a-43c3-bf93-50df6e265086","version":2,"asset_type":"wx_prompt","name":"template3.json","mime":"application/json","datasource_type":"193a97c1-4475-4a19-b90c-295c4fdc6517","object_key":"wx_prompt/template3__da__564bv1pudc.json","creator_id":"IBMid-6920005NWQ","create_time":1754574224092,"size":878,"is_remote":false,"is_managed":false,"is_referenced":true,"is_object_key_read_only":false,"is_user_provided_path_key":true,"transfer_complete":true,"is_partitioned":false,"complete_time_ticks":1754574224092,"user_data":{},"test_doc":0,"handle":{"bucket":"aiagentsingovernancenew-donotdelete-pr-pulugpapuzeh2n","location":"us-south","type":"bluemix_cos","key":"wx_prompt/template3__da__564bv1pudc.json","upload_id":"done","max_part_num":1},"usage":{"access_count":0,"last_accessor_id":"IBMid-6920005NWQ","last_access_time":1754574224092}}]}
